player_id,mlbam_id
Scherzer_5166,453286
Posey_7511,457763
Buchholz_82,453329
Gardner_5311,458731
Blanco_7554,433217
Bard_5185,453268
Kershaw_5273,477132
Sandoval_5355,467055
Heyward_7231,518792
Beckham_7272,493596
Happ_5326,457918
Richard_5206,453385
McGehee_5286,431171
Duensing_7438,488846
Latos_7505,502009
Robertson_7466,502085
Feliz_7556,491703
Jones_7484,434540
McCutchen_7489,457705
Wieters_7247,446308
Andrus_5396,462101
Stubbs_7290,453211
Lowrie_5192,476704
Bumgarner_7510,518516
Romo_5359,489265
Gregerson_5339,502381
Venable_7508,461416
Narveson_7371,429780
Cecil_5403,446399
Chavez_5330,445926
Rasmus_5378,458675
Clippard_7541,461325
Axford_7363,446099
Hunter_7558,488984
Desmond_7542,435622
Morton_7491,450203
Castro_7264,516770
Cahill_5316,502239
Hundley_5342,460026
Norris_7336,502032
Valencia_7445,502143
Walker_7499,435522
Fister_7518,450729
Snider_5408,501983
Motte_5373,435400
Jepsen_7321,448178
Thatcher_687,491159
Nova_7464,467100
Sanchez_7338,447816
Davis_7447,477195
Holland_5390,502706
Rzepczynski_7355,519240
Maybin_327,457727
Butera_7437,460077
Harrison_5389,457448
Rodriguez_7538,446481
Escobar_7417,444876
Cashner_7263,488768
Russell_7270,460701
Joyce_7534,459964
Parra_7224,467827
Moreland_7560,519048
Brignac_7525,458582
Avila_7381,488671
Sale_7278,519242
Barton_601,435558
Bonifacio_5250,466988
Leake_7285,502190
Johnson_7333,453400
Fowler_5231,451594
Lucroy_7368,518960
Hernandez_7211,456696
Kennedy_588,453178
Bourgeois_7646,430652
Wood_7292,475243
Murphy_5301,502517
Brantley_7294,488726
Castro_7327,488771
Ellis_7427,454560
Melancon_7335,453343
Gonzalez_7342,461829
Blevins_7341,460283
Thole_7459,489365
Saunders_7523,459431
Nunez_7465,456488
Heisey_7284,502317
Kimbrel_7233,518886
Martínez_7361,450852
Hudson_7221,543339
Arrieta_7237,453562
Manship_7441,453249
Chacin_7307,468504
Smoak_6967,475253
Davis_5397,448801
Enright_7218,446264
Schlereth_7386,519259
Storen_6802,519322
Abad_7326,472551
Ondrusek_7288,446185
Moore_7521,446192
Nava_7256,537953
Reddick_7258,502210
Tomlin_7306,458708
Tillman_7245,501957
Barney_7260,446381
Santana_7304,467793
Gentry_7557,502226
Freese_7376,501896
Stanton_6864,519317
Jay_7377,445055
Jansen_7635,445276
Strop_7563,467008
Carrasco_7295,471911
Luebke_7507,458537
McGee_7535,459429
Espinosa_7543,457787
Zimmermann_5413,519455
Ramos_7550,467092
Moss_98,461235
Freeman_7359,518692
Jeffress_7419,502026
Belisario_9160,430613
Pestano_7302,502260
Reed_8496,592665
Alburquerque_8511,456379
De Aza_7273,457477
Cobb_8473,502171
Craig_7633,501800
Brown_11610,518500
Carignan_8592,446398
Romine_8551,461865
Rizzo_8670,519203
Vizcaino_8636,527055
Romine_8461,519222
Hand_8640,543272
Peacock_8601,502748
Belt_7629,474832
Crawford_8745,543063
Dickson_8728,505447
Guyer_8480,446386
Kintzler_7367,445213
Snyder_7243,474319
Shaw_8798,543766
Blackmon_9156,453568
Gillaspie_8746,543216
Kluber_8504,446372
Gearrin_8633,518715
Stammen_7552,489334
LeMahieu_10696,518934
Descalso_7375,518614
Duffy_8520,518633
Farquhar_8485,543144
Strange-Gordon_8765,543829
Betances_8456,476454
Mesoraco_8674,519023
Brown_7471,502126
Pomeranz_8709,519141
Escobar_8500,500871
Hosmer_8531,543333
Sogard_7345,519299
Thames_8493,519346
Kratz_8655,456124
Carrera_8510,485567
Richards_8548,572070
Kontos_8457,502004
Holland_7418,518813
Santiago_8497,502327
Alvarez III_8481,506693
Shuck_8691,543776
Martinez_8690,502110
Hughes_8703,453172
Dyson_7416,502481
Kipnis_8508,543401
Guerra_8762,457915
Weeks_8608,457789
Mejia_7454,516769
Carreño_8484,468528
Lyles_8685,543475
Schafer_5177,457788
Walden_7324,477229
Altuve_8688,514888
Lobaton_8479,446653
Donaldson_8604,518626
Harrison_8707,543281
Lindblom_8763,458676
Abreu_8683,444874
Nicasio_7312,504379
Teherán_8634,527054
Turner_8649,457759
Herrera_8522,516969
Seager_8618,572122
Lynn_8730,458681
Hendriks_8537,521230
Forsythe_8793,523253
Morrison_7405,489149
Schafer_8702,502582
Chisenhall_8507,502082
Cain_7415,456715
Duda_7448,446263
Valbuena_5225,472528
Trumbo_7323,444432
Maldonado_8699,455117
Gamel_5285,451143
Carpenter_8735,572761
Moore_8477,519043
Kohn_7627,543409
Martínez_7473,492841
Pineda_7642,501381
Dunn_7399,445197
Minor_7235,501985
Moustakas_8532,519058
Trout_8553,545361
Eovaldi_8761,543135
Goldschmidt_9144,502671
Kozma_8749,518902
Dolis_8663,503569
Chirinos_7527,455139
Detwiler_5410,446321
Tejada_7458,514913
Adams_8441,502031
Cook_8594,475857
Lavarnway_8452,543432
Perez_8524,521692
Robinson_5379,453203
Cishek_7395,518553
Delabar_8612,447755
Collins_7664,525768
Dillard_8694,457422
Federowicz_8764,543148
Frazier_8675,453943
Wilhelmsen_7644,452666
Milone_8598,543548
Campana_8672,542999
Watson_8706,453265
Patton_69,461856
Chatwood_9152,543022
Flowers_7274,452095
Ross_8602,475115
Worley_7477,474699
Rottino_10678,457130
LeBlanc_7506,453281
Miley_8797,489119
Castillo_8666,456078
Font_8623,521655
Petit_122,433589
McAllister_8505,502083
Putnam_8506,474029
Stewart_8498,543819
Britton_8437,502154
Cozart_8676,446359
De La Rosa_8759,523989
Brach_8773,542960
Gonzalez_7174,471865
Cahill_5316,502239
Davis_7528,451584
Hanigan_215,452672
Fielder_493,425902
Weaver_455,450308
Capps_692,448165
Pence_382,452254
Ross_338,425496
Billingsley_460,451532
Danks_173,433579
Garza_856,490063
Napoli_445,435063
Guthrie_56,425386
Young_538,430321
Aardsma_79,430911
Bourn_371,456422
Liriano_5289,434538
Choo_245,425783
Sánchez_339,434671
Cruz_5398,443558
Kendrick_439,435062
Jones_61,430945
Jurrjens_26,457453
Prado_33,445988
Morales_5271,434778
Escobar_15,488862
Hughes_585,461833
Ellsbury_92,453056
Vargas_5364,450306
Kendrick_642,452718
Murphy_888,461815
Headley_5345,452104
Morrow_5361,453344
Pérez_5374,453198
Cabrera_242,452678
Callaspo_397,430948
Hochevar_410,460024
Mathis_442,425772
Volquez_227,450172
Breslow_5287,444520
Gordon_406,460086
Chamberlain_577,501955
Hanrahan_924,430629
McClellan_790,449072
O'Day_5392,503285
Ziegler_5321,446899
Loe_7208,434180
Johnson_5180,462382
Smith_564,501925
Casilla_7181,458210
Paulino_381,462956
Bautista_690,430832
Bruce_5219,457803
Weeks_513,430001
Votto_228,458015
Rodriguez_384,434643
Butler_396,456714
Cueto_5213,456501
Nolasco_332,445060
Hart_499,430611
Mármol_151,461791
Drew_428,452220
Hammel_832,434628
Davis_722,434658
Ryan_797,453895
Crawford_849,408307
Beltré_748,134181
Martinez_354,400121
Rivera_596,121250
Mauer_527,408045
Tulowitzki_278,453064
Halladay_898,136880
Arroyo_199,276520
Rolen_918,121409
Inge_292,276346
Samardzija_7271,502188
Tazawa_7259,547749
Venters_7236,458924
Ishikawa_5354,448170
Simmons_10673,592743
Lopez_7212,446641
Atchison_7250,425786
Sipp_5224,448609
Pena_5310,455369
Parnell_5296,458730
Parnell_5296,458730
Boesch_7382,453269
Gee_7452,518716
Gee_7452,518716
Duncan_579,455167
Jaso_7532,444379
Mayberry Jr._7475,460055
Bernadina_5419,465668
Revere_7444,519184
Rodriguez_8686,451775
Mazzaro_7422,476570
Reimold_7242,460099
Pennington_7344,460060
Hellickson_7531,476451
Teagarden_5395,460003
Frieri_7504,457117
Elbert_8760,455092
Simon_8440,430580
Swarzak_8539,461872
Guzman_8794,461882
Estrada_8695,462136
Bass_8772,542914
Dirks_8517,543108
Mateo_8665,456496
McKenry_7310,502374
Plouffe_7443,461858
Presley_7495,502100
Doubront_7253,467094
Sanchez_7411,459991
Gomez_11613,491646
Lawrie_8491,543434
Stewart_8744,455755
Amarista_8550,506560
Young Jr._7316,458913
Reynolds_7314,519186
Cruz_8734,488810
Griffin_14332,456167
Pollock_10693,572041
Ramos_11564,573109
Loup_11033,571901
Eaton_11309,594809
Ottavino_8731,493603
Russell_7539,452240
Warren_11761,476589
Cardenas_8607,502133
Recker_8606,489232
García_11605,541645
Boxberger_11493,502202
Barnes_11597,488681
Wallace_7340,477165
Dozier_10669,572821
Holt_11509,571788
Raley_11626,548384
Holaday_11603,592407
Morris_11505,457768
Capps_11480,605169
Culberson_11608,518586
Archer_8471,502042
Herrmann_11553,543302
Withrow_11573,519437
Allen_11612,592102
McHugh_11525,543521
McHugh_11525,543521
Brown_10682,446395
Keuchel_11592,572971
Jennings_10674,543359
Otero_9416,519096
Straily_11520,573185
Ruf_11517,573131
Lough_8533,518953
Phelps_10655,475479
Norris_8605,519083
Gregorius_11457,544369
Solano_10675,456781
Hutchison_10657,571800
Smyly_10664,592767
Ramirez_9418,541640
Perez_11449,516811
Galvis_9167,520471
Hernández_10690,491676
Conger_7320,474233
Pérez_11604,541650
Sánchez_8743,516949
Hoover_10685,543331
Diekman_9166,518617
Elmore_11307,518653
Odorizzi_11583,543606
Chapman_11625,488776
Segura_11562,516416
Locke_8704,502046
Familia_11524,544727
Familia_11524,544727
Kelly_11030,523260
Wieland_9415,543921
Mercer_10689,474568
Quintana_10660,500779
Edgin_11523,572831
Edgin_11523,572831
Francisco_7283,464433
Lake_11629,516809
Profar_11471,595777
Grimm_11467,518748
Maxwell_7462,452239
Wilson_11507,458677
Nieuwenhuis_9337,543590
Nieuwenhuis_9337,543590
Calhoun_10671,594777
Luetge_9417,476595
Avilan_11312,501593
Machado_11638,592518
Pérez_8625,527048
Gonzalez_11865,503556
Adams_10692,571431
Hague_9168,518755
Harvey_11063,518774
Harvey_11063,518774
Szczur_11631,519333
Zagurski_658,489448
Zagurski_658,489448
Mikolas_11497,571945
Jones_10659,518858
Vincent_11499,543883
Rodriguez_11570,572089
Corbin_11006,571578
Clemens_11588,518560
Aumont_8650,518418
Ortega_11611,542364
Brothers_9151,571521
Brantly_11566,542963
Ross_9422,543726
Mendez_12045,542669
Flaherty_9147,475247
Dyson_11451,473879
Freeman_11475,518693
León_10683,506702
Barnes_10661,488683
Van Slyke_10699,475100
Doolittle_8596,448281
Tolleson_11571,474521
Miller_11476,571946
Marte_11078,516782
Fife_11569,543155
Vogt_9421,519390
Geltz_11577,544993
Koehler_11563,543408
Abreu_457,473234
Rosenthal_11478,572096
Moore_10120,489138
Skaggs_11306,572140
Thornburg_11561,592804
Rosario_9153,501647
Rosario_9153,501647
Harris_11606,501789
Smith_10666,519293
Peralta_8697,503449
Gomes_11466,543228
Parker_10684,453284
Rusin_11627,543734
Hamels_639,430935
Martin_477,431145
Cabrera_575,466320
Montero_116,471083
Lannan_926,458709
Price_7536,456034
Bailey_5314,457732
Masterson_5187,475416
Stauffer_7184,431162
Porcello_5235,519144
Niemann_836,435298
Bailey_200,456701
Saltalamacchia_5394,457454
O'Flaherty_763,447714
Smith_5232,452234
Casilla_608,433586
Moseley_444,400291
Roberts_5169,440251
Perez_358,460370
Veras_5307,407842
Gomez_521,460576
Logan_6468,457429
Mujica_5340,465629
Howell_833,434442
Schierholtz_5356,435625
Andino_315,435180
Aceves_5303,469686
Aviles_8453,449107
Coke_5304,457435
Badenhop_5242,488674
Albers_44,458006
Miller_329,453192
Getz_5208,460051
Kelly_7384,430603
Resop_7496,434592
Morales_264,462985
Janish_5217,457926
Williams_8549,425532
Bergesen_5179,448269
Baker_5249,434633
Kottaras_5188,435459
Burriss_5353,502034
Rosales_5218,489267
Kelley_5369,518875
Murphy_7649,430906
Kemp_469,461314
Lincecum_728,453311
Garcia_5381,448802
Janssen_919,445163
Masset_185,434665
Schumaker_798,435401
Arredondo_5267,461766
Pujols_795,405395
Reyes_559,408314
Wilson_874,450351
Buehrle_169,279824
Papelbon_101,449097
Ramirez_159,133380
Rollins_649,276519
Cuddyer_519,150212
Bell_661,425514
Beltrán_541,136860
Willingham_344,425545
Kubel_525,430585
Nathan_530,150274
Crisp_89,424825
Furcal_465,279577
Francisco_5399,407911
Harang_216,421685
Hill_908,431094
Jackson_834,429719
Barmes_249,425549
Capuano_489,425626
DeJesus_401,430203
Chen_7202,136600
Ellis_615,407885
Madson_645,425492
Infante_21,408299
Peña_848,150289
Carroll_244,425206
Hernández_58,150421
Hairston Jr._5221,150020
Scott_76,432928
Saunders_451,434578
Sizemore_361,429713
Oswalt_379,400061
Oliver_446,119984
Rivera_448,407487
Cordero_207,150188
Bédard_747,407853
González_213,136460
Maholm_701,430904
Barajas_905,150148
Wang_599,425426
García_7461,150119
Santiago_305,421124
Broxton_461,455009
Bloomquist_750,217100
Rauch_928,400010
Theriot_162,444135
Betemit_572,400140
Dotel_174,136734
Hawkins_583,115629
Kotchman_440,425773
Wood_164,134268
Dobbs_634,425785
Marquis_152,150302
Punto_532,346857
Ludwick_789,407886
Doumit_693,425491
Nix_5223,425556
Rodney_302,407845
Blake_239,232694
Jones_468,116662
Betancourt_749,435358
Colon_5205,112526
Molina_590,150040
Saito_481,493416
McLouth_703,434661
Keppinger_219,433898
Chavez_546,346795
Francis_254,433585
Iwakuma_8737,547874
Shoppach_360,431159
Coffey_206,434298
Thome_192,123272
Kotsay_27,117276
Blanco_133,111072
Johnson_5201,407862
Cedeno_134,430592
Qualls_123,430589
Hairston_672,430668
Sherrill_77,430941
Ibañez_757,116380
Laird_5236,408042
Treanor_341,276354
MacDougal_7433,213680
Gomes_7025,430404
Willis_311,425883
Overbay_911,407489
Wilson_714,333292
Mota_503,150407
Ayala_920,425646
Mijares_5290,467726
Wheeler_841,235095
Chávez_609,136767
Matsui_589,425686
Durbin_635,239795
Lewis_727,430930
Ohlendorf_592,456027
Schneider_562,150411
Zumaya_313,451491
Kennedy_784,150456
Derosa_137,136660
López_760,430946
Hensley_7182,454535
Romero_650,240694
Batista_746,110683
Snyder_127,430965
Hernandez_524,115817
Whiteside_7514,434630
Kuo_471,425539
Brackman_573,457581
Abreu_570,110029
González_668,408236
Sabathia_359,282332
Phillips_223,408252
Ramírez_5210,493351
Scott_76,432928
Helton_257,115732
Viciedo_7280,493364
Alonso_7281,475174
Stults_12052,445590
Baxter_7655,488689
Fien_11021,502272
Tovar_12081,541600
Thayer_10700,445612
Veal_5331,453264
Cedeño_10687,458584
Corporán_11596,449786
Ruggiano_853,448605
Ruggiano_853,448605
Ambriz_7293,459932
Kelly_11495,543391
Layne_11496,518927
Hicks_12148,543305
Almonte_14343,501659
Colomé_11472,517008
Wilson_12038,543935
Wood_13957,622072
Webster_11750,543903
Albers_13532,452027
Gose_11464,543238
Gose_11464,543238
Pérez_16119,542233
Hamilton_14087,571740
Lalli_14001,503351
Tekotte_8790,493574
Miller_14340,543543
Miller_14340,543543
Workman_14034,519443
Flynn_16084,543169
Flynn_16084,543169
Smith_16044,572143
Thielbar_14320,573204
Rupp_14335,519237
Martinez_5245,593372
Bettis_14117,518452
Jenkins_11767,554432
Jenkins_11767,554432
Anderson_12082,502624
Roe_15631,475054
Gimenez_8616,460269
Owings_13991,572008
Bethancourt_12139,542194
Vazquez_12037,543877
Dickerson_14123,572816
Hernández_11516,514917
Webb_14062,543900
Salazar_11615,517593
Santana_14323,542454
Hale_12140,571735
Holmberg_14082,571787
Martinez_14184,451075
Dietrich_13082,518618
Dietrich_13082,518618
Navarro_14220,519068
Adrianza_11490,501303
Adrianza_11490,501303
Romero_16029,544836
Gattis_12164,594828
Cole_13294,543037
Hembree_15653,592390
Hembree_15653,592390
Rondón_11934,444468
Krol_14142,571871
Ramírez_14109,500724
Bradley Jr._12166,598265
Marisnick_14317,545350
Marisnick_14317,545350
Petricka_14061,502593
Paxton_14341,572020
Paxton_14341,572020
Gyorko_12168,576397
Sucre_15675,491696
Sucre_15675,491696
Nelson_15660,519076
Butler_16140,542994
Lamb_11785,543424
Ryan Murphy_14326,571974
Ryan Murphy_14326,571974
Pettibone_12264,543643
Schoop_11751,570731
Villar_14178,542340
Cisnero_12263,542585
Fields_12145,451661
Phegley_12099,572033
Fernández_12167,605228
Fernández_12167,605228
Centeno_15818,518542
Lagares_11528,501571
Gausman_13974,592332
Pillar_15766,607680
Davis_12147,501981
Wong_14346,543939
Gibson_11787,502043
García_12044,544725
Watkins_12076,543894
Ozuna_12103,542303
Semien_14066,543760
Davidson_14064,571602
Magill_12644,543483
Shoemaker_14219,533167
Stassi_14180,545358
Blazek_16104,518468
Choice_14349,574831
Tonkin_14324,543859
Wacha_13219,608379
Kickham_15815,592464
Kickham_15815,592464
Montgomery_11763,543557
Zunino_13291,572287
Zunino_13291,572287
Castellanos_14145,592206
Arenado_12643,571448
García_14231,607162
Guilmet_14101,543258
Berry_10665,450641
Erlin_12270,572362
Grossman_12269,543257
Goins_14354,572365
Pressly_12173,519151
Gennett_13290,571697
Nolin_15802,543594
Maness_12834,595307
Gray_14331,543243
Wright_12039,453214
McFarland_12059,519008
Walker_14342,592836
Roark_14355,543699
Beckham_11764,542921
d'Arnaud_11720,518595
Gosewisch_13990,488912
Lyons_15760,544928
Nuno_12645,573064
Nuno_12645,573064
Myers_11711,571976
Flores_11526,527038
Bogaerts_14035,593428
Rosscup_14048,573127
Wheeler_11933,554430
Spruill_12085,543809
Yelich_14316,592885
Yelich_14316,592885
Brasier_12089,518489
Hanson_7229,462102
Jackson_7383,457706
McDonald_7490,457428
Medlen_7234,450665
Colvin_7266,502125
Matusz_7241,451085
Boggs_7373,459939
Bastardo_7469,455374
Blanco_7414,453923
Blanco_7414,453923
Cabrera_5348,465784
Wright_392,449079
Marson_7301,453974
Neshek_531,450212
Webb_7412,444436
Árias_10701,435078
Árias_10701,435078
Herrera_7638,468406
Frandsen_724,435623
Fuld_7659,453539
Kinney_785,448337
Outman_5320,489189
Blanks_7500,452035
Hayes_7401,451109
Wood_7426,502028
Burton_203,454537
Greinke_407,425844
Hamilton_887,285078
Swisher_191,430897
Pagán_556,434636
Victorino_656,425664
Ryu_11710,547943
Lohse_787,346798
Soriano_40,400089
Dempster_136,133225
Hunter_437,116338
Ortiz_100,120074
LaRoche_700,425560
Scutaro_912,340192
Affeldt_197,346793
McCarthy_890,435221
Kuroda_472,493133
Blanton_602,430599
Haren_7,429717
Suzuki_768,400085
Adams_5350,430606
Pettitte_594,120485
Youkilis_110,425903
Berkman_368,204020
Izturis_438,430895
Correia_721,429781
Villanueva_512,453646
Fujikawa_11691,493117
Soria_422,465657
Burnett_5329,430634
Pierzynski_188,150229
Choate_6457,329092
Myers_648,408206
Grilli_288,276351
Ross_5175,424325
Reynolds_124,448602
Peralta_419,407908
Feldman_5388,444857
Gorzelanny_698,452733
Baker_514,435044
Wigginton_390,421064
Uehara_5182,493157
Pelfrey_557,460059
Hannahan_629,435219
Marcum_900,451788
Hernandez_243,433584
Lindstrom_326,434637
Polanco_297,135784
Soto_161,434567
Karstens_587,444371
Johnson_23,430637
Torres_5357,400083
Loney_475,425766
Hafner_348,400098
Navarro_858,425900
Pierre_479,334393
Frasor_897,430630
Volstad_5248,458690
Perez_558,424144
Hinske_852,400134
Camp_5402,425861
Farnsworth_581,150035
Bay_691,424726
Wilson_741,451216
Raburn_298,430605
Parra_504,448159
Kazmir_862,431148
Pena_7424,430910
Nieves_5414,408242
Lyon_114,407193
Duke_695,435043
Wise_5212,276547
Garland_435,279782
Verlander_310,434378
Hernandez_756,433587
Wright_569,431151
Kinsler_880,435079
Molina_792,425877
Encarnacion_210,429665
Peavy_683,408241
Quentin_189,435041
Marshall_5195,445156
Iannetta_261,455104
Perkins_5291,450282
Lewis_6464,407890
Hechavarria_6509,588751
Iglesias_8454,578428
Grandal_8791,518735
Torres_10695,448614
Rivera_14336,425784
Alvarez_14141,501625
Adduci_14350,451192
Achter_16099,592091
Altherr_16050,571437
Barrett_16013,502578
Sanchez_15688,592717
Duvall_15673,594807
Chafin_15178,605177
Susac_15670,572180
Wilkins_14076,519421
DeSclafani_15788,543101
Alcantara_14049,570489
Alcantara_14049,570489
Wojciechowski_14185,592879
Adams_27989,542866
Paulsen_14139,572019
Rowen_14352,594985
Hardy_14150,543278
Treinen_16022,595014
Mitchell_15663,571951
Cron_14209,543068
Joseph_13986,543376
Bedrosian_15656,592135
Frias_14221,516910
Smith_16038,605476
Sadler_15710,594987
Whitley_15664,595032
Shreve_16072,592741
Cuthbert_14199,596144
Dominguez_15797,458689
Taylor_15676,621035
Bergman_14126,548357
Colon_14198,518568
Walker_16511,572233
Spangenberg_16045,605486
Spangenberg_16045,605486
Adames_12066,542436
Casali_15679,592200
Pompey_15801,592647
Butler_12035,576788
Butler_12035,576788
Peralta_15652,444482
Herrera_15768,599096
Leone_15674,608678
Escobar_15690,546276
Escobar_15690,546276
Inciarte_12151,542255
Hernandez_15789,571771
Campbell_15150,493472
Suarez_14147,553993
Marshall_15651,605359
Garces_15764,571057
Garces_15764,571057
Springer_14174,543807
Garcia_15761,594824
Polanco_15330,570256
Strickland_12095,519326
Realmuto_16097,592663
Peterson_15739,607054
Peterson_15739,607054
deGrom_15662,594798
Goebbert_15711,572876
Goebbert_15711,572876
Lamb_14006,571875
Jones_14395,571825
McCann_14154,543510
Parker_16040,592620
Báez_14056,595879
Hahn_15668,534910
Aguilar_14104,542583
Pederson_14229,592626
Panik_15671,605412
Rodriguez_16049,570257
Singleton_14179,572138
Polanco_16102,593871
Bour_15293,571506
Giles_15666,571704
Graveman_16023,608665
Kiermaier_15681,595281
Quackenbush_15669,534812
Quackenbush_15669,534812
Yates_15678,489446
Crockett_15654,641490
Hendricks_14051,543294
Hendricks_14051,543294
Lobstein_12106,543456
Ryan_16078,594986
Adams_14200,572669
Garcia_16053,472610
Banuelos_11760,544365
Stroman_15687,573186
A. Taylor_15817,572191
Mariot_14195,592527
Rojas_14228,500743
Foltynewicz_14161,592314
Morin_14204,573046
Betts_15744,605141
Betts_15744,605141
Ramirez_11468,519166
Ramirez_11468,519166
Ahmed_14003,605113
Greenwood_15677,572889
Martinez_15682,607259
Tropeano_14163,607374
Baez_15657,520980
Alvarez_15795,571439
Montero_15709,606160
Grichuk_15765,545341
Ray_14151,592662
Pérez_14111,547379
Elias_14359,606273
Odor_15684,596059
Buchter_14010,488748
Rua_16027,607387
Liriano_12056,542642
Liriano_12056,542642
Tuivailala_16033,592815
Greene_14328,572888
Patton_15814,607359
Romero_14344,552662
Matz_16106,571927
Souza_15689,519306
Kahnle_14119,592454
La Stella_14030,600303
Pham_16031,502054
Telis_15759,542513
Thompson_14067,572204
May_15692,543507
Barnhart_14085,571466
Matzek_14120,554431
Solarte_14364,500208
Solarte_14364,500208
Sánchez_14065,570560
Claudio_15721,592222
Heaney_15790,571760
Farmer_15720,571656
Bassitt_14068,605135
Martin_14131,455119
Knebel_16026,608349
VerHagen_14152,572403
Gonzales_18161,594835
Singleton_14179,572138
Chapman_6462,547973
Alvarez_7478,476883
Strasburg_6865,544931
Ogando_7561,468396
Cotts_135,425840
Rogers_7315,469134
Crow_7660,543070
Beachy_7227,545404
Carp_7516,455077
Bourjos_7318,488721
Salas_7378,477569
Ramos_7537,459987
Cervelli_5308,465041
Herrmann_7299,497807
LeCure_7286,459967
Collmenter_8796,518567
Canó_576,429664
McCann_29,435263
Granderson_5240,434158
Peralta_357,425509
Jiménez_262,434622
Hudson_20,218596
Ruiz_652,434563
Burnett_894,150359
Byrd_885,407781
Benoit_864,276542
Uribe_6460,346874
Santana_450,429722
Lopez_94,425657
Morneau_529,408047
Balfour_5382,346797
Johnson_324,435178
Thornton_193,407819
Vogelsong_8742,285064
Downs_896,275933
Floyd_177,425856
Baker_248,425557
Crain_518,430884
Rodriguez_449,408061
Suzuki_626,435559
Konerko_180,117244
Roberts_74,406878
Arencibia_7346,450317
Wright_875,124604
Buck_395,407833
Gutierrez_347,429711
Wolf_688,150116
Hill_145,448179
Coghlan_5252,458085
Escalona_7308,467850
Peguero_11492,501317
Pedroia_102,456030
Zimmerman_939,475582
Wainwright_802,425794
Utley_655,400284
Dickey_5288,285079
Jeter_586,116539
Putz_764,407816
Sweeney_628,435220
Bauer_8645,545333
Garcia_16092,554340
Butler_14128,572750
Norris_16604,596057
Pena_14197,506747
Smolinski_15686,519295
Barnes_14038,598264
Gore_15776,605253
Cole_16014,595918
Schugel_13997,519263
Brooks_14189,605156
Nola_17684,605400
Conley_16533,543045
Morgan_16571,605388
Russell_16607,608365
Russell_16607,608365
Houser_18235,605288
Dickerson_16580,543105
Bellatti_17419,571479
Faulkner_18150,605226
Bradley_13994,605151
Barnes_16094,605131
Hedges_17355,595978
Swihart_14043,596119
Pinder_16564,572038
Drury_15179,592273
Finnegan_16085,605232
Johnson_18038,598271
Buxton_17603,621439
Correa_14168,621043
Pérez_14166,542208
Rodon_16709,607074
Chi Gonzalez_17558,592346
Chi Gonzalez_17558,592346
Anderson_16519,594736
Rea_18111,607067
Seager_18169,608369
Winkler_16502,595465
Coulombe_16093,543056
DeShields_14172,592261
Marrero_14044,571918
Travis_14156,581527
Machado_16524,553988
Santana_14177,570267
Rucinski_16087,607968
Garneau_14134,572863
Rosario_16540,592696
Rodriguez_13984,593958
Diaz_16575,553869
Vázquez_16020,553878
Lindor_14113,596019
Montas_16515,593423
Sánchez_16110,596142
Soto_18178,543803
Bird_18114,595885
Robles_12080,570663
Alberto_16595,593643
Neris_16572,593576
Leathersich_16555,605333
Lindgren_17545,605338
Díaz_16088,545064
Pazos_18157,572021
Jackson_18217,543351
Ferrell_17972,594815
Eickhoff_16597,595191
Bandy_14206,542908
Ross_17579,605452
Gallo_17565,608336
Hicks_16590,543308
Gray_14130,592351
López_18233,605347
A. Smith_16653,595001
Osich_17969,592612
Peraza_16504,606299
Ureña_16098,570632
Miller_12046,502522
Nicolino_16534,592593
Broxton_12087,542979
Kela_16627,605309
Kela_16627,605309
Marte_16591,606466
Plawecki_16708,608700
Bryant_14057,592178
Barraclough_18096,607457
Schwarber_15329,656941
Schwarber_15329,656941
McCullers_17540,621121
Verrett_16510,548337
Severino_18091,622663
Jackson_16598,592426
Jackson_16598,592426
Maile_18160,571912
Williamson_18224,607776
Franco_16052,596748
Canha_16565,592192
Williams_16005,592863
Andriese_16010,542882
Grace_16018,594840
Wisler_17615,605538
Boyd_17903,571510
Kepler_16101,596146
Muncy_16719,571970
Conforto_17687,624424
Feliz_16528,593140
Lorenzen_14094,547179
Castro_16628,612434
Sano_16541,593934
Wright_13985,605541
Mahtook_16594,543484
Givens_17890,571710
Goody_18051,580792
Rumbelow_17824,592705
Syndergaard_16559,592789
Ramirez_14042,598287
Herrera_16570,546318
Drake_11636,543118
Severino_18162,600474
O'Brien_18204,598284
Tucker_14175,605512
Shaffer_18084,572128
Refsnyder_18012,608701
Osuna_16612,532077
Gale_18168,502570
Torreyes_14171,591720
LaMarre_14088,534606
O'Rourke_17976,594951
Strausborger_18085,595005
Strausborger_18085,595005
Tepera_16599,572193
Weber_18322,543901
Solis_16021,519301
Alexander_14188,518397
McGough_18133,543518
Oberg_14132,623184
Schebler_16089,594988
Gilmartin_16105,543219
Armstrong_16520,542888
Bracho_18153,611093
Heathcott_15793,571761
Brito_16068,593647
Piscotty_18037,572039
Jungmann_16536,543380
Zych_18163,543964
Jankowski_18132,608671
Shaw_14046,543768
Turner_17690,607208
Gott_17602,641627
Anderson_16523,542881
Duffey_18076,608648
Ladendorf_16058,502285
Olson_16626,621397
Saladino_16517,573135
Saladino_16517,573135
Velasquez_16529,592826
Rodriguez_11473,516853
Difo_16015,594694
Rivera_16537,592680
Davies_18158,605200
Lee_14222,545346
Godley_18044,643327
Hernández_16500,591712
Carter_7121,474892
Jennings_7533,457775
Ackley_7515,554429
Noesi_8458,456051
Furbush_8613,518703
Cowgill_8609,518577
Parker_8600,519105
Coleman_8519,488786
Jimenez_8614,462945
Harper_8658,547180
Lester_93,452657
Ramirez_337,434670
Shields_839,448306
Tomas_16011,630111
Markakis_64,455976
Ríos_913,425567
Ho Kang_16144,628356
Anderson_5313,474463
Aoki_8679,493114
Belisle_201,279571
Denorfia_612,456121
Betancourt_238,429783
Betancourt_238,429783
McGowan_901,430661
McGowan_901,430661
Hardy_498,429666
De La Rosa_400,407822
Wada_8546,493159
Bundy_11305,605164
Choi_16035,596847
Gillespie_11310,502261
Flores_16107,570717
Blair_15177,594760
Judge_18499,592450
Mejia_18336,606167
Mondesi_18324,609275
Frazier_20301,624428
Plutko_21072,592644
Sampson_20125,592716
Almora_14058,546991
Suarez_19731,544150
Mills_18380,621219
Bregman_17617,608324
Reyes_20955,621052
Wimmers_20997,592872
Benintendi_17622,643217
Triggs_18365,592811
Burns_19730,542992
Brice_18386,592169
Gamel_18392,592325
Heller_20965,621294
Snell_18356,605483
Shipley_18484,640463
Rodgers_21039,572086
Rodgers_21039,572086
Nimmo_18401,607043
Suter_20985,608718
Eibner_18382,518649
Goodwin_16017,571718
Stewart_20532,592779
Pounders_20691,572044
Maxwell_20900,622194
Asuaje_21074,641319
Estevez_18375,608032
Fulmer_17623,608334
Kelly_21046,608348
Green_19806,643338
Kuhl_20504,641771
Pinder_20976,640461
Tilson_18314,605508
Devenski_18908,606965
Stratton_18337,608717
Reed_17722,642003
Moran_19809,592567
Moran_19809,592567
Sadzeck_18360,592712
Altavilla_21006,656186
Mengden_19921,596043
Swanson_17616,621020
Dahl_20903,621311
Law_16588,571882
Overton_20499,592614
Hart_20804,643354
Floro_20694,571670
Gamboa_13982,543195
Ramos_18343,591693
Diaz_19906,621242
Gonzalez_14105,570481
Pena_20984,570240
Ynoa_16560,593679
Márquez_18355,608566
Dayton_16095,594795
Dayton_16095,594795
Mahle_18918,657670
Heredia_18742,628338
Cervenka_18917,543017
Dozier_21040,641531
Renfroe_21073,592669
Chargois_18412,608638
Barnes_18409,606930
Stallings_20147,607732
Jones_21029,592444
Thompson_20942,622097
Hoyt_20939,624586
Hoyt_20939,624586
Taillon_16579,592791
Gustave_16582,594311
Gustave_16582,594311
Hoying_19871,592419
Garcia_18384,606424
Hoffman_17686,656546
Candelario_18370,600869
Biddle_16569,592145
Cotton_18393,605194
Mantiply_21043,573009
Musgrove_18406,605397
Rickard_18461,572073
Wendle_14114,621563
Gant_18310,607231
Holder_21037,656547
Patterson_21051,641958
Alfaro_16596,595751
Bonifacio_14193,593528
De Leon_21044,592254
Leclerc_18358,600917
Martinez_18325,500874
Rondon_18319,602922
Bell_18346,605137
Berríos_18945,621244
Graterol_14192,492802
Minaya_18405,573668
Urias_19884,628711
Urias_19884,628711
Querecuto_21079,578570
Guerra_19694,448855
Smith_14074,607345
McCarthy_21050,641838
Giolito_20518,608337
Cessa_18293,570666
Perdomo_5341,606131
Weaver_17703,596133
Smith_18309,605480
Margot_18318,622534
Hernandez_18394,593523
Bowman_18459,621199
Carasiti_20968,571539
Dermody_21038,571616
Koch_18364,571863
Olson_21058,621566
Reynolds_18284,519186
Strahm_18379,621381
Moroff_18347,621559
Fulmer_18328,605242
Clevinger_18397,605182
Freeman_14004,502273
Mayers_20901,594577
Haniger_18487,571745
Wittgren_18387,621295
Wittgren_18387,621295
Mazara_18361,608577
Narváez_20693,553882
Arcia_18411,606115
Valaika_21052,642162
Venditte_17578,519381
Kivlehan_18326,623182
Garner_21032,592330
Tapia_18378,606132
Torres_18381,593527
Alcántara_16056,593417
Black_16585,605143
Nunez_16567,600524
López_20890,625643
Ruiz_21069,547004
Whalen_20937,547007
Zastryzny_20983,642239
Gsellman_18404,607229
Stephenson_14095,596112
Quinn_18344,596451
Stripling_14225,548389
Stripling_14225,548389
Dull_18164,623430
Garton_19880,623439
Merritt_16521,607320
Healy_20803,592387
Manaea_19022,640455
Lugo_18402,607625
Morimando_20539,596049
Brault_20690,643230
Okert_18339,595345
Rivera_20958,608061
Featherston_16530,605227
Motter_18357,600301
Rogers_18416,573124
Guerrero_16581,594027
Hernandez_20969,606192
Adleman_19637,534947
Anderson_19920,641313
Melville_18445,543532
Murphy_14136,608596
Joseph_16054,571830
Kemp_19808,643393
Kemp_19808,643393
Wolters_14112,547172
Story_18377,596115
Williams_21048,592866
Mancini_21070,641820
Blach_18338,621389
Kelly_16593,571841
Glasnow_18345,607192
Naquin_14115,571980
White_18874,643603
White_18874,643603
Peralta_21041,593974
Merrifield_19840,593160
Contreras_18368,575929
Moncada_16234,660162
Méndez_18359,622795
Eflin_19954,621107
Martin_8627,547982
Rendon_11447,543685
Delgado_8632,517414
Hatcher_7400,501822
Scheppers_11032,489294
Scribner_11025,519267
Upton_129,457708
Chen_8629,612672
Céspedes_8729,493316
Zobrist_863,450314
Lackey_441,407793
Span_5294,452655
Gallardo_494,451596
Park_18448,666560
Lowe_761,450275
Lee_18654,493193
Barnette_18456,501817
Oh_18578,493200
Turner_8515,545363
Boyer_12,430641
De Fratus_8651,518603
Choi_16035,596847
Decker_12055,543094
Phillips_8438,452061
Cleto_8727,521055
Heredia_18742,628338
Cabrera_285,408234
Braun_485,460075
Street_625,434718
Bush_8472,456713
Bush_8472,456713
Toles_20777,592808
Minter_20528,621345
Bummer_24274,607481
Slegers_24376,642083
Wilkerson_24482,658792
Engel_21228,641553
Kolarek_23746,592473
Sanchez_23821,506703
Verdugo_17728,657077
Córdoba_21272,642707
Rosario_21240,642708
Garrett_16518,607237
Kittredge_24229,552640
Knapp_21221,595284
Moore_20526,621058
Stevenson_17668,664057
Machado_24441,600921
Sanchez_98722,447816
Alford_21171,546990
Banda_21150,607455
Santander_21318,623993
Senzatela_18376,622608
Senzatela_18376,622608
Lewicki_24448,592499
Adams_14100,542866
Hays_20166,669720
Pruitt_21197,643493
Slater_22792,596103
Lively_21220,594902
Taylor_21689,664701
Taylor_21689,664701
Wahl_21232,592833
Powell_18327,621471
Zimmer_17697,605548
Woodruff_23109,605540
Phillips_21235,621433
Valera_21603,591971
Valera_21603,591971
Anderson_24439,605119
Starling_18383,605490
Smith_21275,592761
Smith_21275,592761
Gallagher_21204,595956
Lawrence_21130,596271
Wallach_24412,595453
Sisco_18489,642082
De Jong_21176,608328
Bradford_23637,607473
Hu_21198,629496
Flexen_21243,623167
Rowley_24359,635903
Arroyo_21734,624414
Bellinger_21735,641355
Valdez_18562,491624
Gossett_17731,605254
Freitas_21127,571679
McGuire_18433,592547
Guerra_11550,500610
Fisher_21343,605233
Enns_21191,608650
Maples_24443,596027
Peters_24438,596071
Lamet_22622,659275
German_16563,593334
Smith_24368,642086
Neverauskas_21599,596720
Anderson_21225,623454
Robinson_21116,592685
Robinson_21116,592685
Steckenrider_21245,608716
Fowler_23750,641583
Smith Jr._22608,596105
Covey_21277,592229
Santana_23081,650828
Pagan_22485,641941
Fedde_17694,607200
Fedde_17694,607200
Cordero_21186,614173
Martes_21342,642564
Mejia_21207,642336
Barreto_21231,620439
Cooper_24231,643265
Gallegos_21190,606149
Sparkman_21280,642098
Allen_24446,656185
Bader_17759,664056
Velazquez_22609,584171
Milner_21335,571948
Wood_21173,621056
Happ_17624,664023
Vargas_21180,545121
Davis_24320,605204
Crawford_24452,641487
Riddle_21246,595375
Fry_24451,605240
Flaherty_17710,656427
Reinheimer_21152,595373
Stephens_21167,623451
Rhame_21175,642008
Labourt_18329,607951
Faria_18353,607188
Winker_21165,608385
Sherfy_21153,642073
Yacabonis_23082,642231
Jimenez_21338,641729
Camargo_21154,622666
Brebbia_22647,605154
Curtiss_24407,595928
Luplow_24296,656669
Montgomery_21715,656756
Alvarado_21172,621237
Ruiz_21147,614179
Hader_21236,623352
Osuna_21600,591741
Mella_21164,622492
Middleton_21178,641871
Crick_18335,605195
Farmer_21174,571657
Freeland_17685,607536
Higashioka_21598,543309
Brinson_21238,621446
Sims_21156,608371
Castillo_21248,622491
Torrens_18495,620443
Farrell_21628,608652
Voit_23734,572228
Sierra_21202,642423
Sierra_21202,642423
Leiter Jr._21727,643410
Zagunis_23564,657145
Chapman_17701,656305
Fried_21155,608331
Andujar_18503,609280
Díaz_21271,622766
Marjama_24437,605357
Tauchman_23742,643565
Garver_21213,641598
Jaye_21340,594867
Pivetta_21218,601713
Williams_21215,608384
Delmonico_24304,547170
Turley_16067,543867
Goodrum_21114,592348
Albies_21317,645277
Blackburn_21233,621112
DeJong_17789,657557
Fry_21194,643316
Sewald_21712,623149
Maton_23083,664208
Ervin_13272,640447
Evans_24473,595943
Johnson_18371,572955
Bautista_21138,622441
Devers_18493,646240
Rosario_18417,600968
Read_21136,600466
Moronta_21184,606625
Guduan_21344,594056
Hoskins_24355,656555
Pinto_21219,620982
Bleier_18554,542947
Rodriguez_24442,593144
Urena_18510,620446
Guzman_21239,608597
Guzman_21239,608597
McMahon_24380,641857
Sherriff_24406,595411
Jones_23731,624507
Harper_22649,607560
Stanek_21195,592773
Romano_18320,607219
Gaviglio_22534,543208
Moll_21249,594580
Travis_17733,607752
Travis_17733,607752
Alcantara_24440,645261
Alcantara_24440,645261
Newcomb_17692,656794
Carle_15969,641438
Crichton_21721,592233
Scott_24484,656945
Cole_24321,518566
Cole_24321,518566
Davis_24450,543089
Williams_21234,592865
Vieira_21192,600986
Locastro_24511,641796
Mayza_24365,641835
Nido_21241,621512
Hildenberger_23711,657610
Mahle_24414,641816
Wade_23743,642180
Webb_21278,643778
Lin_23730,624407
Lin_23730,624407
Alcantara_18374,622505
Arano_24476,644364
Caratini_21161,605170
Robles_21289,645302
Buehler_17639,621111
Wang_14319,623913
Calhoun_17790,641432
Calhoun_17790,641432
Ríos_24398,605441
Diaz_21687,650490
Reininger_24411,643617
Vincej_24445,572227
Granite_21212,643335
Abreu_13653,547989
Gonzalez_5193,456068
Maurer_12104,543506
Cingrani_11453,571561
Friedrich_10694,543184
Siegrist_14345,543779
Rondón_11775,541652
Holliday_260,407812
Lind_5409,452252
Bonilla_14351,570810
Longoria_847,446334
Diaz_14234,649557
Hernandez_24677,622694
Barlow_24660,605130
Infante_7276,500872
Herrera_21189,622703
Avelino_28023,623214
Cimber_25048,643256
García_27845,666969
Blandino_17705,607468
McRae_27655,656725
Suarez_17671,605498
Suarez_17671,605498
Vasquez_28013,607755
Vasquez_28013,607755
Velazquez_28019,623205
Garcia_17720,605244
Garcia_17720,605244
Jurado_24567,642558
Aquino_21166,606157
Williams_28017,657117
Davis_26726,656354
Dean_27954,621573
Gomber_24562,596295
Meadows_24559,640457
Voth_21134,608723
Wynns_24555,642851
Taylor_28016,607333
McKinney_24635,641856
McKinney_24635,641856
Keller_24672,641745
Wieck_24578,623364
Dixon_25965,641525
Lowe_17746,664040
Kennedy_27846,664028
Wilson_20114,669060
Pelham_28025,641962
Ferguson_26023,657571
Frare_27807,621350
Frare_27807,621350
Tocci_24671,624636
Mullins_27916,656775
Sobotka_27917,656977
Adams_17811,664856
Adams_17811,664856
Shaw_17647,622046
Stewart_17650,621514
Holmes_21208,605280
Carroll_27751,606944
Joseph_21255,543377
Burnes_20008,669203
Oswalt_24609,621261
Snelten_24988,592769
Stewart_17640,621466
Johnson_28021,597113
Hudson_20134,641712
Palka_21210,594953
Palka_21210,594953
Ponce de Leon_26328,594965
Zamora_27961,623354
Jansen_24590,643376
Bote_24598,623520
Fletcher_26396,664058
Hess_24554,605276
Lugo_21151,608475
Santana_24607,642701
Rodriguez_25984,605446
Castillo_24644,650895
Smith_17758,622098
Underwood_21163,621249
Peterson_25983,640460
Sosa_21200,624641
Vielma_21209,622713
De Los Santos_24687,660853
Haase_24540,606992
Hanhold_28014,621098
Lauer_19985,641778
Stout_24627,657770
Phillips_27195,623465
Romero_21214,622864
Romero_21214,622864
Valdez_27984,664285
Reyes_25917,614177
Peralta_24582,642547
Moya_24542,622382
Moya_24542,622382
Hampson_19998,641658
Bautista_24611,639373
Torres_24633,650402
Greiner_24620,606988
Castro_28051,605612
Fillmyer_24638,641571
Fillmyer_24638,641571
Harvey_18492,640451
Hamilton_20873,641656
Kiner-Falefa_24571,643396
Wendelken_18372,605525
Nix_17745,656798
Nottingham_24580,641924
Barria_24630,642545
Schultz_21196,621289
Bauers_21305,641343
Cave_18466,595909
Cave_18466,595909
Jewell_24632,657228
Newberry_27965,623470
Newberry_27965,623470
Beeks_24547,656222
Norwood_27654,656803
Adam_25669,592094
Brigham_28015,656257
McNeil_27750,643446
Springs_27819,605488
Rodriguez_24546,622446
Vasto_26288,657786
Vasto_26288,657786
Valentín_21216,621044
Cordero_18342,622772
Hudson_28022,621529
Krehbiel_21406,607216
Lucchesi_20009,664192
Means_28056,607644
Field_25038,608654
Field_25038,608654
Berti_28063,542932
Davis_28024,641505
Loaisiga_24636,642528
Hicks_20529,663855
Castillo_24577,620454
Trevino_24570,624431
James_28011,657624
Rogers_27752,642028
Briceño_25963,593993
Soto_25959,665742
Anderson_26289,605121
Shafer_27970,596101
Shafer_27970,596101
Williams_24640,642211
Williams_24640,642211
Sheffield_17707,656954
Sheffield_17707,656954
Newman_17634,621028
Stewart_27919,640464
Stewart_27919,640464
Allard_17629,663465
McGowin_21290,641851
Tucker_17620,663656
Wright_23214,657140
Trivino_24639,642152
Guillorme_24608,641645
Urias_28004,649966
Bard_24675,572703
Bard_24675,572703
Walden_14368,519393
Festa_20039,670036
Hall_28086,664180
Skole_21135,605474
Skole_21135,605474
Viloria_24626,650619
Hermosillo_24629,641684
Hermosillo_24629,641684
Kopech_17709,656629
Kopech_17709,656629
Perez_27766,605421
Soroka_17643,647336
Straw_28042,664702
Orf_27354,644337
Burdi_17715,595897
Ciuffo_18507,624419
Martini_26107,605361
Cuevas_24602,571595
López_24585,641154
Reyes_28012,622569
Wisdom_27918,621550
Araujo_24683,606478
Laureano_24637,657656
Suarez_24553,624133
McGuire_21294,624512
Acuña Jr._25027,660670
Rodriguez_25990,500135
Herrera_14122,594011
Herrera_14122,594011
Wick_21199,592858
Tellez_21293,642133
Borucki_21170,621366
Burr_17794,621114
Cordell_21237,641477
Cordell_21237,641477
Meisinger_27341,664682
O'Hearn_27816,656811
Yarbrough_24643,642232
Howard_24604,607572
Reid-Foley_17718,656887
Dominguez_24550,622554
Bieber_20678,669456
Ohtani_24661,660271
Ohtani_24661,660271
Turnbull_17729,605513
Gonsalves_24556,624427
Gonsalves_24556,624427
Tarpley_28018,605501
Tarpley_28018,605501
Duggar_27653,621453
Anderson_27300,664196
Rainey_20525,663432
Guerrieri_18354,605260
Guerrieri_18354,605260
Ward_17641,621493
Estrada_24634,642731
Pannone_24591,623381
Pannone_24591,623381
Hill_24628,657612
Toussaint_17693,657053
Oaks_24606,656805
Oaks_24606,656805
Richards_20753,670950
Wingenter_27840,622259
Buttrey_24549,621142
Bashlor_24610,641341
Beede_17691,595881
Kinley_24674,641755
O'Neill_24564,641933
Reyes_24673,622682
Lockett_21602,621141
Suero_24614,593833
Parsons_27299,641149
Jerez_18396,605301
Jerez_18396,605301
Adames_18509,642715
Munoz_21229,622168
Munoz_21229,622168
Ramírez_21188,606162
Almonte_21252,622075
López_16143,661255
Chirinos_24641,630023
Littell_24558,641793
Weiss_24576,592848
Kingery_17658,664068
Darvish_8680,506433
Moylan_30,493247
Álvarez_15812,516714
Brennan_18373,592165
Moore_28142,664238
Astudillo_18429,553902
Brewer_24597,605155
Puk_20671,640462
Civale_20116,650644
Toro_19929,647351
Haseley_23217,656514
Alzolay_24599,640470
Medina_28196,658431
Rosa_28933,650738
Rosa_28933,650738
Morejon_20747,670970
Jackson_17683,656577
Young_17653,622065
Munoz_32385,662253
Knizner_20184,668800
Kay_20782,641743
Warren_32832,605521
Allen_17775,664119
Nola_21247,543592
Riley_20523,663586
Bichette_19942,666182
Bradley_21334,656252
Bishop_17753,623323
Lail_28932,621078
Lail_28932,621078
Kline_18491,571858
McKay_23213,656713
Rodgers_17618,663898
Honeywell_18506,641703
Martin_24568,656685
Moran_14217,572383
O'Grady_28845,657434
Burke_28158,656271
Graterol_29145,660813
Abreu_28205,650556
Garcia_20682,650530
Reynolds_20193,668804
Quantrill_19951,615698
Kieboom_20132,666198
Biggio_19938,624415
Shepherd_24548,605469
Mazza_27962,607391
Paddack_28169,663978
Stashak_28915,664054
Irvin_20500,608344
Sulser_32816,642121
Tucker_17700,657061
Poche_31238,621363
Greene_21296,641632
Menez_32416,669214
Martin_23265,656686
Sneed_28864,605482
Hultzen_11481,543343
Mendick_32817,664901
Agrazal_24561,642607
Hernandez_28199,650382
Bednar_32814,670280
McKay_28852,641853
Grullon_28944,620453
Smeltzer_20196,656970
Williams_32715,642207
Tate_17619,622253
Nunez_28854,624513
Acevedo_24588,642758
Acevedo_24588,642758
Leyba_18486,642736
Leyba_18486,642736
Jackson_17813,623515
Jackson_17813,623515
May_19946,669160
Cease_28208,656302
Garcia_28195,658305
Olivares_28166,658668
Rios_28156,621458
Jimenez_24616,650391
Luciano_28254,672773
Clase_32706,661403
Franco_28420,575070
Stamets_14212,608715
Yardley_32803,642233
Mejia_28885,625510
Swanson_28216,657024
Tatis Jr._28791,665487
Schwindel_28880,643524
Kilome_24551,642584
Speier_28875,642100
Stubbs_28207,596117
Lux_20127,666158
Cabrera_28171,650893
Hartlieb_30107,664129
Reyes_28170,622103
Soto_24622,642397
Canning_23256,656288
Ramirez_18349,623912
Ynoa_28152,660623
Arteaga_28792,600858
Gibaut_28159,664139
Miller_28967,641878
Diaz_28177,656371
Hammer_30120,670456
Brubaker_28185,664141
Mayfield_28868,608686
Waguespack_28190,621097
Webb_28151,657097
Fraley_20165,641584
Noll_20182,669738
Noll_20182,669738
Rogers_19928,668670
Bourque_28147,630263
Kaprielian_17631,621076
Kaprielian_17631,621076
Karinchak_23495,675916
Marvel_32829,621086
Walsh_30101,665120
Martin_28186,641829
Guerra_21187,457915
Davis_32824,664041
Walker_20013,668683
Tinoco_24605,622786
Luzardo_19945,666200
Sánchez_28160,660821
Herget_28200,623474
Harvey_28193,642840
McCarthy_17806,663411
Kuhnel_20866,669270
Payamps_28202,606303
Schreiber_32742,670167
Duplantier_20001,641541
Duplantier_20001,641541
Hernandez_24566,642546
Holloway_28175,656548
Romano_28249,605447
Yamamoto_28174,657141
Alcala_32837,660896
Guzman_24663,660422
Mateo_18497,622761
Mateo_18497,622761
Quijada_28178,650671
Rodriguez_32471,642578
Siri_24573,642350
D. Smith_28823,605479
Naylor_17627,647304
Rojas_32776,668942
Sborz_20527,622250
Staumont_17674,622251
Taylor_21402,657031
VanMeter_21284,642165
Suarez_28162,660761
Urquidy_31965,664353
Fernández_24987,642759
Merryweather_24619,657240
Fernandez_32714,658551
Dunn_20159,643290
Lawrence_28210,664875
Steele_28183,657006
Wong_32827,642221
Ruiz_28153,660688
Gutierrez_24545,642721
Hiura_23218,669374
Cron_28201,605196
Cron_28201,605196
Ginkel_20860,656464
Dowdy_28255,664871
Garlick_28898,664247
Keller_28176,664918
Lewis_19939,641786
Wade Jr._28148,664774
Thomas_28172,657041
Thorpe_24557,626929
St. John_31580,657766
Allen_28955,663531
Webb_28182,657277
Alexander Basabe_21328,642772
Arraez_28179,650333
Barrera_28161,642456
Barrera_28161,642456
Escobar_24560,650813
Madero_28164,650347
Rengifo_28163,650859
Beaty_28155,607461
Beaty_28155,607461
Thaiss_19982,642136
Dubon_24579,643289
Chavis_17702,656308
King_28931,650633
King_28931,650633
Baez_21287,673258
Ford_24676,645801
Ford_24676,645801
Yastrzemski_18482,573262
Keller_17730,656605
DuRapau_28948,657566
Harrison_15308,656509
Lowe_29550,663993
Cortes_24678,641482
Cortes_24678,641482
Anderson_28218,623433
Dini_28878,664926
Gordon_17682,624503
Margevicius_23411,676606
Ramirez_28264,598286
Senzel_19924,669222
Solak_20194,669256
Lopez_20103,670032
Hoerner_26047,663538
Mercado_24565,640458
Markel_28964,571917
Murphy_28187,641907
Sandoval_32713,663776
Weigel_28150,622256
Avila_28167,658648
Payano_32058,622797
Alonso_20674,624413
Fairbanks_31237,664126
Lambert_17654,663567
Diehl_31240,670426
Valdez_31236,570488
Alaniz_18470,595798
Arozarena_32777,668227
Dobnak_32741,677976
Ravelo_16568,592660
Garrett_28250,657585
McClain_32705,596035
Sanchez_24592,645307
Lovelady_20073,663992
Martin_17635,621006
Garcia_31979,596825
Dugger_32712,667498
Armenteros_28206,660494
Bolaños_20964,671790
Carpenter_24594,543001
Castellani_17717,624418
Eades_28908,592280
Helsley_17819,664854
McBroom_28936,643436
Coonrod_28181,656322
Haggerty_32815,664059
Hentges_28191,656529
Hilliard_28212,656541
Selman_32692,572125
Blewett_17723,656240
Heineman_28184,595981
Murphy_19999,669221
Poppen_28912,664092
Zavala_28209,664874
Brown_32810,664913
Mejias-Brean_28229,623180
Anderson_20675,641312
Long Jr._24572,643418
Neuse_20144,641914
Neuse_20144,641914
Bolt_17786,621450
Nogosek_20026,668665
Zeuch_20128,643615
Scott_28265,605463
Clarke_17735,664199
Guilbeau_32783,607555
Hearn_17822,621368
Eshelman_17656,664045
Edman_20097,669242
Gonsolin_20200,664062
Bergen_28253,664157
Demeritte_21316,641513
Lakins_28197,664042
Grisham_32694,663757
Thornton_17797,663423
Barrera_20099,668663
Kelley_28821,665001
Stokes_28213,657011
France_28165,664034
Alexander_28857,641302
Rogers_28961,643511
Taylor_28137,621438
Guerrero Jr._21295,665489
Huang_27824,658791
Smith_20133,519293
Castro_24617,650489
Diaz_28188,660546
Daza_24603,602074
Alvarez_20070,670541
Gallen_20168,668678
Grotz_26644,665093
Green_28963,608339
Plesac_30121,668676
Collins_20158,641470
Jimenez_24616,650391
Puig_11575,624577
Duffy_15672,622110
Kikuchi_28282,579328
Kelly_28232,518876
Iglesias_15416,628452
Urias_28173,602104
Javier_35706,664299
Zimmer_14191,622092
Zimmer_14191,622092
Stock_24658,476594
Fletcher_26394,667465
Whitefield_48854,664334
Abreu_24587,656061
Bohm_26026,664761
Kirk_48786,672386
Vesia_26719,681911
Sanchez_24198,645305
Espinoza_28168,659262
Tejeda_49436,660731
Tejeda_49436,660731
Scrubb_20142,668687
Gimenez_24208,665926
Young_28795,670370
Perdomo_28143,622780
Bemboom_28223,621532
Castro_35712,621593
Misiewicz_48777,664948
Santos_35721,665733
Goudeau_35720,623485
Burrows_17637,663366
Bowden_19991,641386
Braymer_35727,664069
Flores_20038,641576
Cederlind_20021,664977
Taylor_35684,642130
Dalbec_20825,666915
Singer_26041,663903
Marquez_48840,666622
Bailey_20023,669064
Bielak_23549,656232
Leibrandt_49440,605335
Waddell_17815,663399
Garrett_20799,666129
Rooker_23244,667670
Navarreto_48755,640459
Kriske_19965,621139
Zimmermann_23353,669145
Baragar_20057,670056
Hernandez_35713,672578
Sanabria_49434,656004
Mize_26024,663554
Schmidt_23225,657376
Heuer_26201,676051
Ponce_17665,664074
Brogdon_23506,641401
Ray_20315,641999
Pache_29141,665506
Sanchez_35694,650911
Peters_19926,656847
Bacus_48784,621290
Dunning_20566,641540
Castano_48757,641447
Johnson_20105,669288
Jimenez_47074,666204
Jefferies_19987,641726
Varsho_23277,662139
Peterson_23229,656849
Cameron_20519,663662
Kremer_27703,665152
Garcia_35696,665620
Evans_35704,663770
Evans_35704,663770
Hill_17699,656537
Tapia_28824,593619
Rasmussen_26218,656876
Carlson_19940,666185
Alvarez_28838,657193
Colina_48759,666674
Cabrera_35703,665795
Montero_35722,660707
White_20869,642201
Soto_15628,519303
Paredes_35707,660600
Florial_29143,664314
Griffin_17704,656492
Cleavinger_17761,664076
Crochet_48366,676979
Celestino_35711,665482
Perez_28189,660431
Castellanos_49437,528748
Mejía_35702,650668
Anderson_20155,666120
Paredes_29150,670623
Feyereisen_28930,656420
Jones_17680,663330
Cronenworth_35700,630105
Woodford_20521,663765
Oliva_23421,666931
Chisholm_29144,665862
Beasley_48730,676886
Cruz_49446,672911
Duran_35710,661395
Lambert_20766,669424
Adell_23219,666176
Romero_20195,668941
Bart_26025,663698
Gerber_26271,680702
Oviedo_20568,670912
Quezada_48758,629498
King_23527,667463
Nogowski_48793,596056
Heim_33203,641680
Araúz_47076,660620
Stiever_26171,680692
Oña_20892,671250
Mujica_24642,620445
Fleming_23352,676596
Topa_26697,623437
Hayes_17648,663647
Akin_20192,669211
Padlo_35701,656821
Whitley_48791,676831
Bubic_26063,663460
Cody_20029,621129
Cody_20029,621129
Finnegan_47064,640448
Funkhouser_17651,608335
Hart_35717,606996
Taveras_21300,665750
Diaz_32472,650331
Newsome_48776,664714
Fox_21304,665650
Fox_21304,665650
Campusano_23248,669134
Garcia_20621,472610
Gil_35697,661563
Gonzalez_23296,670768
Patino_29142,672715
Raley_20140,670042
Rodriguez_35725,655889
Wilson_29030,657129
Mathias_17752,664029
Payton_28942,592622
Foster_35716,641582
Llovera_35695,661440
Schrock_48792,621011
Moniak_20151,666160
Yajure_35699,664337
White_19995,669952
Pearson_23237,663878
Heath_35715,670084
Heath_35715,670084
Madrigal_26027,663611
Mears_48772,683232
Neidert_17670,663734
Nelson_19950,656793
Rodriguez_35708,670550
Cruz_29148,665833
Espino_48781,502179
Mazeika_48761,664850
Smith_23216,656976
Bickford_17633,641360
Marchán_48853,665561
Rosso_48767,665759
Smith_35719,642092
Leyer_28422,622490
Ramírez_49441,641995
Garcia_47072,665621
Hendrix_20173,641682
Jeffers_26082,680777
McKenna_17791,663630
Mountcastle_17652,663624
Thompson_48790,657044
Huff_20183,669087
Huff_20183,669087
Espinal_20752,669289
Alcantara_24621,642727
Elledge_23334,676220
Romero_23234,656913
Apostel_27967,665947
Apostel_27967,665947
Sanchez_29140,664350
Howard_23254,675921
Sharp_47073,643532
Houck_23233,656557
Skubal_26337,669373
Jones_28867,622100
Widener_28803,642203
Antone_35726,622088
Hatch_20758,641672
Szapucki_17807,663378
Doyle_23279,656382
Blankenhorn_17739,663905
Megill_26263,656730
Rogers_23222,669432
McKenzie_20524,663474
Davidson_35693,656353
Stephenson_17626,663886
Zuber_23393,676604
Miller_20679,668338
Gonzalez_33202,624647
Brujan_29149,660644
Machin_47075,605353
Benjamin_48788,605138
Benjamin_48788,605138
Crowe_23274,640444
Craig_19983,643269
Contreras_35691,661388
Mathisen_28794,621500
Hernandez_21110,628450
Mercedes_24686,606213
Ramirez_20846,670990
McKinstry_20831,656716
Burdi_20130,641420
Short_35724,670097
Robert Jr._22648,673357
White_23226,657108
Soler_10723,624585
Robertson_18505,621002
Kim_47085,547942
Yamaguchi_47084,685493
Hirano_24690,673633
Yang_72374,660365
Marmolejos_21137,592530
Smith_23340,675656
Perez_21057,672335
Weathers_26030,677960
Alexy_20502,669935
Ashby_26154,676879
Northcraft_12143,573062
Bostick_28860,641384
Baddoo_19996,668731
Trejo_48738,676701
Baldonado_28828,593604
Bettinger_23507,676424
Lopez_73145,664670
Manoah_30409,666201
De Goti_28866,621008
Kirilloff_20163,666135
Lange_23239,656638
Wells_70737,649144
Rivas_26142,663845
Jackson_23589,656578
Vaughn_30401,683734
Wantz_26244,681806
Ibanez_21302,628451
Rondon_70722,667373
Zerpa_70742,672582
Warren_26214,681810
Falter_17802,663559
Ober_23565,641927
Rortvedt_19993,666163
Marsh_20765,669016
Sittinger_74409,670087
de Geus_70818,676969
Miller_23245,675649
Koerner_74216,621259
Baker_20868,641329
De La Cruz_74170,650559
Raleigh_26119,663728
Doval_48796,666808
Barnes_23317,656212
McCormick_48745,676801
Ellis_28252,595939
Gittens_73056,656467
Rodriguez_20111,669735
Poteet_17774,547001
Wilson_26570,680963
Welker_19948,666213
Seabold_23292,657756
Wong_23311,657136
Criswell_27608,681867
Abbott_23276,676265
Terry_73759,663799
Jones_48766,676103
Lynch_26057,663738
Nunez_73254,628345
McCaughan_23582,670766
Moreta_74463,664294
Thomas_27988,605504
Carlton_74391,656290
Ellis_23253,656403
Maggi_21395,543482
Knight_28909,643400
Coleman_26140,669395
Lee_20078,669276
Bazardo_70746,660825
Uceta_48751,670955
Morgan_23465,669212
Peguero_74358,665625
Rivera_73148,656896
Castillo_28833,602080
Clement_23343,676391
Perez_74261,660906
Klobosits_74171,656620
Whitlock_24250,676477
Sheets_23258,657757
Perdomo_48729,672695
Otto_23365,657248
Deichmann_23252,656364
Santos_70744,666619
Jax_20003,643377
Crouse_23275,668968
Park_73591,660829
Owen_72868,670462
Mattson_46492,676755
Castillo_72952,622668
Bukauskas_23224,656266
López_74381,605346
Kowar_26056,663804
Latz_23377,656641
Robson_20141,615699
Brentz_32801,641394
Burger_23220,669394
Cousins_73123,664776
McCarthy_26062,664983
Meyers_48744,676694
Reetz_48785,656883
Junk_74386,676083
Kelenic_26029,672284
Duran_26253,680776
Foley_73058,671345
Flaa_72373,664852
Romero_74465,664584
Adon_20731,672851
Barlow_20884,669618
Ryan_26243,657746
Fargas_48762,641561
India_26028,663697
Sheffield_20503,642068
Weems_28825,607179
Barrero_74322,676480
Marte_74339,665896
Rojas_28893,670351
Soriano_18828,667755
Lowe_20152,666139
Palacios_20108,641943
Gray_26096,680686
Devers_20643,672701
Morán_28911,663558
Bruihl_74237,677865
Garza_73131,621057
Tom_17812,664789
Ort_74421,672391
Thompson_23316,624522
Emanuel_28861,592288
Castro_70743,665645
Lee_20007,666137
Snead_20686,669912
Wade_73135,592831
Crawford_74392,676710
Dohy_70745,675971
Isbel_26123,664728
Muller_19990,666205
Nelson_48737,669459
Tyler_26601,667725
Nootbaar_26276,663457
Gilbert_26037,669302
Gilbreath_23419,656458
Frias_48731,666818
Oviedo_70820,665854
Williams_17742,663897
Diplan_24581,650959
Feliciano_20120,666128
Kolozsvary_23410,656627
Thompson_20000,666168
Brash_30513,666374
Manning_20191,666159
Peacock_70750,676840
Vierling_26170,663837
Kranick_20531,668820
Rucker_20821,621074
Jannis_73125,595263
Aguilar_28797,620396
Baumann_23309,657508
Allgeyer_26447,680430
Fortes_26146,663743
Maton_23416,665155
Sandlin_26091,680704
Ortega_74382,661383
Lopez_70739,672640
Miller_26113,680911
Higgins_48838,664731
Naughton_23470,676050
Campbell_24111,669294
Henry_20100,668721
Solomon_23332,656981
Garza_28862,621248
Espinal_28929,642659
Detmers_48365,672282
Knehr_26792,663753
Sanmartin_74470,665665
Adams_23310,656180
O'Brien_23442,676617
Contreras_20644,672710
Castro_48771,666801
Gonzalez_26549,663853
Dawson_19927,669008
Feltner_26155,663372
Hartman_19931,670057
Vilade_23257,668723
Effross_74364,664123
Hurst_23303,656568
Guenther_23422,674944
Rivero_48747,665861
Beer_26051,666179
Martinez_74458,661527
Baz_23221,669358
McClanahan_26054,663556
Spitzbarth_74209,665661
Strider_48482,675911
Ridings_20515,670050
Fairchild_23247,656413
Friedl_49532,670770
Saucedo_73095,642048
Gushue_48816,656494
Trammell_19958,666211
Walls_48789,670764
Nance_72959,667297
Santillan_73094,663574
Giambrone_74497,623508
Larnach_26043,663616
Stephan_23301,663986
Amburgey_73585,664011
Marcano_20562,672779
Tice_24116,676709
Gilbert_28943,656457
Ivey_23300,663959
Nevin_20520,663527
Payne_74540,665066
Wells_70823,669330
Megill_73127,656731
Nittoli_28802,657697
Gutierrez_21030,661269
Franco_23844,677551
Rivas_21431,593590
Vest_23584,676684
Mills_23302,670090
Pozo_70734,650968
Hernandez_74230,660634
Lowther_23283,675912
Pop_23433,647315
Reks_23523,676646
Kim_70890,673490
Arihara_70887,685503
Tromp_28843,644433
Clay_48760,621348
Vosler_28958,613564
Crismatt_28423,622503
Crismatt_28423,622503
Bender_20851,669622
Head_71755,545343
Reed_28914,596082
Thompson_70804,605507
Thompson_70804,605507
Long_20781,669674
Joe_28251,656582
Ladwig_79517,607609
Oller_74693,670124
Rutschman_30399,668939
Martinez_74647,661309
Burleson_48426,676475
Thomas_26086,677950
Call_20117,669743
Faedo_23227,656412
Diaz_74762,664747
Severino_70725,644429
Pallante_30525,669467
Nardi_74727,677053
Brieske_74807,689225
Sulser_23511,676641
DeLuzio_28808,641512
Sousa_26369,656986
Madris_23481,676632
Naylor_26052,666310
Witt Jr._30400,677951
Francis_23417,670102
Hughes_74772,676714
Bello_74775,678394
Donovan_26246,680977
Davis_17820,663478
Little_23236,663893
Bernardino_79283,657514
Baty_30410,683146
Hicklen_23423,676551
Serven_20014,661531
Hoeing_31141,663773
Lavastida_26497,681526
Elder_48512,693821
Johnson_23399,669369
Montes de Oca_26342,656755
Stott_30412,681082
Thompson_23235,669352
Rossman_75012,657745
Kennedy_23355,671083
Abrams_30404,682928
Cavalli_48377,676917
Stevenson_26376,670276
Hamilton_48855,643348
Kilian_31183,668873
Faucher_23499,676534
Alldred_26463,682027
Alldred_26463,682027
Vieaux_20032,664944
Vieaux_20032,664944
Smith-Njigba_74660,675986
Smith-Njigba_74660,675986
Pérez_79643,542208
Vargas_20577,672841
Smith_20870,663385
Leblanc_20011,641779
Silseth_77835,681217
Okey_19959,608360
Morel_48839,666624
Robinson_74768,642020
Morris_26256,663752
Sedlock_20131,642060
Thomas_48750,642137
Ragans_19986,666142
Sands_26187,663485
Waites_32231,686972
Holderman_19977,670059
Snider_23579,676092
Capel_20508,668843
Hummel_74477,669450
Carroll_30414,682998
Ogando_78275,642657
Hall_23230,669084
Blanco_24689,680118
Guthrie_23386,656495
Duarte_26443,650960
Hall_74670,669742
Hensley_26509,682073
MacKinnon_74746,676950
Villar_26696,681584
Daniel_31151,669721
Martin_27630,663436
Garcia_74993,660650
Sands_74688,664848
Waters_23250,671221
Jameson_30432,686753
McGee_20677,668834
Rosario_74651,666703
Hernandez_28886,609274
Rodriguez_74751,660730
Uelmen_23346,657272
Quiroz_24612,606019
Ruiz_74649,665923
Roberts_26157,681799
Small_30426,663629
Lee_27614,681885
Duran_74957,677649
Tovar_74805,678662
Proctor_26121,665154
Alvarez_27461,682626
Morales_20607,672839
German_26156,681464
Fermin_74749,666023
Tarnok_23289,676206
Bautista_74490,642585
Arias_48773,672356
Moreno_70738,672515
Hill_26784,682051
Mitchell_48374,669003
Hollowell_31129,668970
Kirby_30418,669923
Ashcraft_31114,668933
Weissert_74682,669711
Henderson_30440,683002
Danner_23270,668470
Wesneski_31135,669713
Ramos_23228,671218
Brazoban_75169,623211
Brown_30568,686613
Gaddis_30562,683769
Greene_23211,668881
Pineda_20623,672832
Herrera_20857,671056
Bleday_30402,668709
Matijevic_23284,656695
Sears_23551,676664
Larsen_74637,677223
Suwinski_20793,669261
Tetreault_23436,676194
Lemoine_17766,621082
Bird_26189,656234
Fishman_74732,670288
Hager_28138,606993
Walsh_74572,673904
McArthur_26413,663704
Naile_74673,664942
Outman_26257,681546
Koenig_77938,657649
Solomon_23535,676660
Young_74496,676724
Alexander_74955,669920
Delay_23329,641511
Krizan_74641,607249
Assad_79696,665871
Encarnacion_48756,666464
Estrada_23408,669093
Pena_26131,665161
Palacios_77866,650339
Downs_23241,669023
Diaz_70817,646242
Perez_23262,669309
Wentz_19989,666214
Bride_26654,681146
Aranda_74626,666018
Diaz_74935,672478
Groshans_26035,677954
Azocar_70733,640492
Butto_74930,676130
Godoy_48794,608422
Godoy_48794,608422
Herrera_74474,645444
Miranda_20121,669304
Jung_30406,673962
Lester_74523,623507
Winckowski_20787,670174
Winder_26247,680739
Cuas_77934,621016
Yepez_74566,660766
Rodriguez_23850,677594
Rodriguez_23850,677594
Waldichuk_30567,686610
Rosenberg_20513,670046
Carpenter_74753,681481
Herget_72986,643361
McCarty_23435,668948
Clemens_26108,665019
Pilkington_26110,663455
Lee_30430,686676
Robertson_23335,670298
Bradish_26150,680694
Stowers_30469,669065
Sosa_20573,672820
Peguero_23882,678894
Soto_20544,670869
Gillaspie_74976,670810
O'Hoppe_26395,681351
Varland_31448,686973
Castillo_74478,622491
Barker_74704,673316
Melendez_23261,669004
Gore_23212,669022
Garcia_74974,672580
Appel_14158,571446
Contreras_23469,676628
Vientos_23268,668901
Swarmer_20810,664161
Wallner_30437,670242
Batten_74650,676946
Liberatore_26039,669461
Castillo_74616,666721
Meyer_48357,676974
Grove_26092,675627
Harris II_30497,671739
Massey_30509,686681
Papierski_23484,657709
Plassmeyer_26147,674681
Stefanic_74745,683021
Toglia_30421,669911
McDonald_74678,676782
Vargas_74739,678246
Mastrobuoni_74561,670156
Walters_17749,663534
Eaton_26296,681987
Mondou_74680,670148
Velazquez_23378,676369
Padilla_79757,656820
Allen_23290,669397
Duron_74630,663975
Lodolo_30405,666157
Plummer_17638,663911
Pratto_23223,668472
Vespi_74487,663989
Davis_27602,663562
Gorman_26042,669357
Jones_20565,666134
Ruíz_21325,650204
Gonzalez_23955,660757
Peraza_20715,672724
Cabrera_74687,665828
Mushinski_23424,656786
Murfee_26414,682171
Murfee_26414,682171
Strzelecki_26700,657265
Battenfield_31233,685410
Burdick_30480,680814
Sanders_23502,676637
Kerr_74633,678061
Kerr_74633,678061
Pinto_49414,650907
Greene_30403,682985
Marinaccio_74683,676760
Blanco_74530,669854
Henriquez_74958,678692
Lewis_23210,668904
Kreidler_30512,668952
Pepiot_30501,686752
Bannon_23463,676625
Nelson_30454,669194
Bouchard_23479,656248
Hjelle_26068,663546
Langeliers_30407,669127
Muzziotti_20701,665922
Steer_30488,668715
Torkelson_48355,679529
Walker_26069,667727
Kwan_26196,680757
Wilson_26264,621051
Garrett_74787,656448
Banks_74502,621383
Tully_74512,668684
Vavra_26125,679631
Henry_30472,674072
Romero_74562,676720
Swaggerty_26033,680552
Swaggerty_26033,680552
Casas_26049,671213
Cyr_48774,664202
Danish_19919,641501
Freeman_23280,671289
Holton_26360,663947
Grissom_31292,687093
Pasquantino_31274,686469
Capra_26451,681962
Benson_20126,666181
Brennan_31197,686823
Woods_26672,682016
Bernard_16077,592144
Curry_31160,675540
Diaz_74905,673237
Cano_31432,666974
De Los Santos_74656,660787
Rodriguez_70740,666720
Marte_28874,628708
Diaz_18420,666783
Jackson_19947,667427
Logue_23492,656657
Kelly_71369,677161
Thompson_30417,668868
De Jesús_74524,669804
Suzuki_76198,673548
Suarez_75007,663158
Ramírez_14106,608070
Gage_27837,657424
Overton_74269,656818
Rolison_26045,669020
Meneses_74491,608841
Smith-Shawver_73482,700363
Uribe_74927,682842
Busenitz_23306,641427
Marsh_30468,679525
Jacob_73686,689690
Speas_19994,666208
Canario_48817,672744
Williams_48393,675961
Williams_48393,675961
Winans_26717,642216
Willingham_32066,686294
Lipcius_30481,686531
Abbott_73315,671096
Saalfrank_31122,685314
Monasterio_27977,655316
Felipe_75167,665734
Veneziano_31244,685107
Volpe_30428,683011
Cox_26185,680735
Wells_48384,669224
Joyce_78677,690829
Calvo_79677,663971
Rutherford_20672,666164
Sabol_31154,666165
Miller_48385,676272
Shewmake_30419,669699
Pfaadt_48505,694297
Walter_31992,687888
Williamson_30457,682227
Rocchio_23901,677587
White_79700,686839
Headrick_31216,687396
Doyle_30529,686668
Sullivan_49431,664954
Wisely_31457,689172
Turang_26044,668930
Hudson_17741,663542
Woo_73436,693433
Jarvis_48375,686826
Miller_73376,682243
Marlowe_32208,687799
Boushley_74646,676961
Eden_31117,686490
Mlodzinski_48387,669387
Spiers_48586,686730
Legumina_31186,668984
Schmitt_48405,669477
Rafaela_80131,678882
Seagle_83816,676882
Murphy_31137,669684
Vallimont_26180,681808
Encarnacion-Strand_73391,687952
Andrews_26898,677076
Montes_26508,663796
Bolton_23391,675989
Bradford_31115,674003
Selby_26506,681882
Cowser_73267,681297
Kaiser_26115,663731
Phillips_48420,683175
Julks_23454,667452
Mead_74559,678554
Salazar_26255,663967
Myers_23398,667472
Palencia_84756,694037
Vines_31157,670241
Fry_26248,681807
Hamilton_31200,666152
Schneider_24119,676914
Hernández_74794,678226
Cronin_32030,686539
Sweet_74634,682967
Canzone_31189,686527
Fletcher_30473,666150
Millas_31164,686452
Rom_26144,680723
Dodd_73358,689266
Navarro_85576,679346
Julien_32320,666397
Salazar_21638,674285
De La Cruz_27390,682829
Hancock_48361,676106
Sheehan_73454,686218
Rodríguez_71503,682848
Valdez_80087,665839
Pérez_74922,516811
Carter_48406,694497
Justice_73402,687145
Pereira_23847,677592
Cruz_18552,518585
Wall_48787,657088
Acton_83070,670183
Stone_48515,694813
Williams_73285,668909
Soriano_75005,666277
Kessinger_30466,666197
Anderson_26630,681982
Hartwig_84434,701643
Rodriguez_26034,680570
Jones_30420,675659
Varland_26574,681402
Davis_73263,680779
Kjerstad_48356,677008
Harris_74553,665048
Harris_26114,663687
Goodman_73372,696100
Stratton_74655,676702
Lopez_74567,676761
Campbell_30474,663462
France_27613,641585
Martinez_25002,679881
Rutledge_30415,671131
Wolf_73392,680232
Wolf_73392,680232
Amaya_23558,676070
Lopez_27633,682052
Young_73468,696285
Alu_32073,666906
Irvin_26160,663623
Wong_26109,673858
Shuster_48381,694363
Triolo_30470,669707
Domínguez_31940,691176
Lindgren_79807,689167
Brito_80088,666745
Boyle_48499,671212
Jacques_26500,682175
La Sorsa_32142,686747
Estes_31975,683155
Ortiz_30508,687401
Wiemer_48477,686894
Rojas_74938,679032
McMillon_48610,669111
Bowlan_26081,680742
Ornelas_26120,680716
DeLuca_79789,676356
Balazovic_20680,666364
Lawlar_73268,691783
Walker_48376,691023
Westburg_48386,676059
Wicks_73283,696136
Adams_26040,677941
Lopez_80215,430946
Simpson_79814,681006
Walker_74692,677020
Caballero_23415,676609
Espada_17810,664744
Hernández_80214,669796
Rodríguez_74799,642578
Tena_23897,677588
Then_48779,672730
Caminero_86015,691406
Martinez_80129,679885
Kauffmann_30475,666154
Winn_26169,676775
Cáceres_86038,680983
Kelly_79652,687330
Funderburk_26888,681892
Ingram_79710,688427
Ingram_79710,688427
Harrison_48441,690986
Hurt_48490,669165
Leahy_26606,681517
Nicolas_48417,693312
Paris_30453,677347
Ramsey_26545,682010
Butler_26206,671732
Stoudt_30496,686651
Allen_48412,663531
Porter_26820,682515
Erceg_19992,668674
Matos_27520,682641
Medina_35698,665622
Little_48473,681432
Baker_26099,663609
Richardson_26070,680689
Luciano_27518,682617
Englert_26148,669438
McCoy_23401,669200
Miller_73359,695243
Winn_48410,691026
Krook_20171,640454
McLain_73279,680574
Mervis_48580,670223
Waldron_74947,663362
Moore_31392,686842
Busch_30429,683737
Amaya_29147,665804
Lukes_74560,664770
Enright_74760,663671
Gonzales_48362,693304
Loftin_48388,679845
Robertson_31161,687798
Marte_27529,682622
Schanuel_84780,694384
Kerkering_78736,689147
Basabe_24695,678545
Bido_74658,674370
White_26078,669391
Meadows_26067,678009
Bailey_48368,672275
Crow-Armstrong_48373,691718
Berroa_20636,672860
Priester_30416,682990
Vasquez_31905,681190
Wynne_84484,691094
Olson_27609,681857
Karcher_80133,676689
Pint_19981,666207
Garcia_24142,676395
Munoz_80137,682610
Mauricio_23851,677595
Noda_24115,676116
Walker_26681,676254
Frelick_73277,686217
Bachman_73271,696147
Taylor_20076,669392
Peralta_32014,671111
Gipson-Long_31119,687830
Reynolds_19949,669308
Dubin_26926,681869
Cecconi_48389,677944
Horwitz_32098,687462
Watkins_73182,657093
Cruz_85966,674444
Hopkins_31211,686759
Bradley_26183,671737
Bibee_73418,676440
Kohlwey_74652,670128
Ward_26193,663658
Herrin_26487,682120
Cosgrove_23567,676680
Cabbage_17768,663550
Beck_26141,663941
Gray_74558,656484
Adcock_31193,686654
Cropley_26284,680418
Fitzgerald_30516,666149
Soderstrom_48382,691016
Mederos_78760,682989
Vodnik_27648,680767
Meckler_78838,685133
Wilson_74709,642215
Abreu_23911,677800
Edwards_26061,669364
Gomez_70749,672782
Neal_19792,594943
Neto_78016,687263
Gelof_73322,680869
Colás_75278,693049
Yoshida_80213,807799
Senga_80217,673540
Fujinami_80458,660261
Perkins_17679,663368
Zuniga_20545,670871
Jones_48400,683003
Scholtens_20055,669947
Schunk_30460,668845
Amador_31931,691182
Kloffenstein_26117,680572
Mazur_78620,800049
Barger_26209,680718
Del Castillo_73329,680728
Chaparro_86169,665953
Walters_79079,689958
Pages_47305,681624
Chivilli_86133,683409
Martinez_27395,682657
Maldonado_31276,687424
Molina_27547,683627
Alvarez_74685,669137
Kitchen_93593,685116
Martin_48359,668885
Shenton_30558,668853
Horn_48498,690544
Brown_79310,676962
Casparius_73424,676508
Rice_73603,700250
Rice_73603,700250
Cook_73552,695257
Henley_31166,668874
Henley_31166,668874
Dunn_73628,694362
Walston_30424,686796
Alexander_26334,677942
Blalock_74797,687134
Basso_32343,669620
Eisert_32092,685126
Lockridge_26190,663604
Hurter_73460,676428
Harris_73483,695391
Baldwin_78953,681460
Lee_32248,686797
King_32009,687911
King_32009,687911
Ramos_27384,682868
Sammons_23439,676614
Teodosio_85722,669326
Alexander_26739,680769
Povich_73360,700249
Smith_48595,671922
Dana_78682,702674
Booser_90301,592155
Narvaez_86101,665966
Shugart_27607,663767
McDermott_73592,694646
Roller_83830,676896
Roycroft_91252,688297
Roa_48404,685005
Scott_73404,681035
Beeter_48422,690925
Mayo_48459,691723
Mayo_48459,691723
Winn_26038,668390
Gillispie_31205,687362
Norby_73303,681393
Mena_74800,691441
Herz_31199,687792
Keirsey_26153,680577
Robert_74619,642016
Schneemann_26485,682177
Hernaiz_30540,687231
Baker_73558,671117
Banuelos_23366,675915
Festa_73635,701581
Wendzel_30439,673995
Nunez_70821,673380
Dingler_48394,693307
Romo_48391,691011
Romo_48391,691011
Thorpe_78624,689672
Ellis_84156,668752
Ellis_84156,668752
Harris_31299,687957
Crews_83148,686611
Lucas_31393,687922
Henriquez_87816,683618
Villalobos_26900,681871
Ramirez_90592,642629
Orze_48506,679358
Wagaman_84135,676572
Yang_31144,687066
Miller_30520,669062
Sabrowski_26710,681870
Kravetz_30546,667478
Whitley_20190,666215
Whitley_20190,666215
Ellard_73510,686642
Garabito_74642,642520
Graceffo_73413,700669
Pauley_78972,688363
Holman_73450,680880
Holmes_17698,656550
Koch_26177,667428
McCray_30485,687529
Conine_26075,665052
Campero_95578,672569
Birdsong_78779,806185
Bigge_31356,685801
Feduccia_27325,676439
Waldrep_84454,694462
Collins_31226,686555
Ginn_48408,669372
Jung_78000,690291
Kochanowicz_30491,686799
Leiter_73264,683004
Neely_73714,680891
Holliday_77992,702616
Jobe_73265,695549
Merrill_73289,701538
Hurtubise_48591,674441
Wilson_83155,805779
Hill_73306,677955
Hill_73306,677955
Bloss_84845,814005
Eder_48460,671109
Meeker_93363,703231
Wood_73324,695578
Wood_73324,695578
Westbrook_28809,642197
Sanoja_87833,691594
Criswell_48414,676105
Noel_74804,678877
Pereda_48856,640902
Cantillo_79899,676282
Loperfido_73473,694388
Rodriguez_23313,671286
Clase_27537,682729
Bermúdez_26843,642834
Cannon_78697,686563
Vivas_23931,678391
Beck_31419,687597
Leasure_74074,673929
Barrosa_23884,678489
Maciejewski_26386,656671
Aguiar_73720,687924
Foscue_48369,679822
Slaten_30484,686580
Sterner_74621,686993
Wrobleski_79545,680736
Malloy_73449,669234
Teng_24696,678906
Misner_30433,670224
Montero_86100,672456
Alcantara_27666,682634
Rocker_73272,677958
Bush_73307,681066
Manzardo_73325,700932
McCann_30534,668832
Bachar_20017,669199
Roupp_74084,694738
Knack_48416,689017
Jordan_27304,682119
Driscoll_30471,686482
De Los Santos_87178,665782
Guerrero_74203,692285
Guerrero_74203,692285
Peralta_88001,678821
Vazquez_84143,676679
Acuna_27551,682668
Church_32117,687847
Black_73347,696131
Montgomery_73453,682254
Sauer_23263,669422
Sauer_23263,669422
Lazar_23542,676661
Schuemann_26326,680474
Helman_27644,680737
Kelly_24670,547184
McGreevy_73280,700241
Mercado_23249,675650
Petersen_86109,656848
Otanez_74933,671305
Gasper_26879,681508
Spence_31270,687765
Parker_48509,680730
Nunez_30444,683083
Nunez_30444,683083
Avila_32239,687014
Nastrini_73394,680897
Sogard_31352,686765
Yorke_48372,694377
Kavadas_74183,694359
Dunn_31300,686554
Martinez_27560,682619
Ribalta_31347,687377
Skenes_83150,694973
León_71197,694175
Pages_31125,686780
Hodge_31385,687863
Rodriguez_74977,678495
Hinds_30447,677956
Lowder_83157,695076
Fitts_73445,690916
Ryan_73732,689981
Gasser_73333,688107
Bliss_73304,669208
Fernandez_27319,681676
Gusto_31301,687473
Loutos_85765,702795
Miller_26222,668943
Zeferjahn_30506,666171
Burke_73356,680732
Halvorsen_79556,678020
Johnson_30438,686751
Whitcomb_48516,694376
Arrighetti_73440,681293
Bivens_93409,702352
Schwellenbach_73321,680885
Kolek_27326,663568
Berroa_87176,672642
Gordon_31127,685299
Saggese_48501,695336
Myers_20027,668964
Brooks_74511,670092
McDonald_31281,686790
Lipscomb_78687,702358
Sweeney_73282,700242
Taylor_78948,700187
Madden_73294,680744
Black_73295,672012
Ferguson_81950,621053
Gentry_48432,694355
Heineman_14165,623168
Jay_17621,664079
Locklear_78597,682988
Phillips_35705,663969
Bellozo_87020,678368
Scott II_78741,687363
Pennington_85640,679156
Perez_20584,672761
Klein_48491,694361
Wagner_73663,695238
Warren_73508,701542
Warren_73508,701542
Langford_83151,694671
Diaz_80345,700270
Zulueta_31425,691172
Brzykcy_85629,694350
DeLoach_48399,676113
Dezenzo_78955,701305
Penrod_95576,683068
Remillard_20791,621545
Matthews_78816,805673
Chourio_71218,694192
Keith_48488,690993
Yamamoto_82039,808967
Hoo Lee_82037,808982
Imanaga_86203,684007
Gurriel Jr._21125,666971
Matsui_86416,673513
Maeda_18451,628317
Uwasawa_87033,683822
Vanasco_23736,676568
Young_74513,664849
Hanifee_20506,669724
Contreras_86178,664351
Blubaugh_78805,805123
Ramirez_27473,682663
Rangel_74812,660604
Roden_78694,702176
Osuna_63080,696030
Freeland_78701,690976
Granillo_73736,701552
Alvarez_73695,674841
Lara_31927,691251
Pope_31451,687166
Williamson_84808,810938
Tidwell_78014,694918
Crim_32118,688760
Castano_95811,680604
Lord_79083,695418
Rodriguez_71322,699134
House_73273,691781
Sproat_31145,687075
Young_48555,687064
Garcia_85081,805299
Ashcraft_26074,677952
Fulford_73432,690924
Van Belle_48569,687003
Matthews_84789,694728
Eldridge_84455,805811
Chandler_73334,696149
Kayfus_84839,692216
Stubbs_31271,667690
Gibson_78873,806188
Horton_78596,690990
Durbin_73662,702332
Freeman_31439,673965
Devanney_31494,687478
Smith_78643,701358
Duran_74919,679922
McCusker_84168,676812
Palmquist_78644,687223
Ragsdale_48472,685068
Seymour_73434,693313
Whisenhunt_78027,687931
Williams_73290,700246
Jensen_73340,695600
Patrick_73370,694477
Stevens_73722,677060
Simpson_78628,802415
Burns_73735,695505
Dollander_83154,801403
Lee_73426,695445
Meidroth_78719,805367
Petty_73288,695534
Koss_31353,683766
Montes De Oca_86510,801216
Moore_94545,695681
Freeman_30515,683227
Laweryson_31401,689520
Thomas_78600,687515
Henry_48411,669371
Wilcox_48436,677961
Young_78010,702284
Montgomery_73284,695657
Gordon_73503,676467
Early_84894,813349
Thomas_30557,671162
Yoho_84990,684974
Prieto_75323,693409
Rushing_78614,687221
Morgan_79422,688158
Lile_73309,695734
Clarke_73390,672016
Guzman_71228,694203
Fuentes_85415,800311
Hamel_73343,687589
Nikhazy_73320,680951
Baldwin_78692,686948
Gilbert_78019,687551
Sommers_78925,805427
Darnell_100617,699911
Beavers_78012,687637
Smith_73336,681916
Quero_74912,700337
Nunez_21654,674384
Sisk_26607,681895
Workman_48458,669398
McDaniels_82747,680729
Taylor_84803,691799
Hoglund_73281,680684
Ford_73274,695670
Harris_79329,802686
Senger_26808,663584
Barco_78617,682995
Dobbins_73491,690928
Seymour_48413,693855
Escarra_84113,641555
Caglianone_94543,695506
Dreyer_85726,676263
Little_30563,669193
WInkler_73573,676466
Melton_78626,689200
Misiorowski_78625,694819
Mangum_30518,663968
Marsee_78762,805300
Murray_32147,681151
Jackson_26080,669236
Garcia_86579,691373
Crooks III_78717,699625
Rock_73330,697812
Rave_30541,670231
Rooney_26133,680701
Tong_78791,804636
Pintaro_98762,702752
Corniell_86136,692030
Burgos_29026,686228
Mejia_86132,675848
Strowd_31332,669704
Corona_28986,685744
Campbell_84877,692225
Backhus_85650,679775
Karros_84888,691720
Teel_84446,691019
Estrada_87158,681751
Hicks_73519,689414
Davidson_30427,669722
Evans_85108,688138
Henderson_73379,701656
VanWey_79360,701121
Arias_75039,678215
Avila_87047,679883
Mey_86940,682825
Morales_80382,806960
Keaschall_84801,807712
Mayer_73266,691785
Barnett_78689,686930
Fluharty_78742,689254
Gorski_30455,685301
Shaw_84452,807713
Svanson_73690,694335
Lugo_30467,683090
Handley_31108,668974
Muncy_73287,571970
Acosta_31926,691185
Brown_73341,685326
Darrell-Hicks_79366,690382
Abel_48370,690953
Vasil_73497,678024
Farris_85171,815083
Ballesteros_86875,694208
Church_78920,701675
Wiles_31195,686249
Hernandez_19930,663321
Kurtz_94541,701762
Raquet_23314,675919
Cameron_73464,702070
Murdock_31139,668716
McLean_78679,690997
Kemp_79403,805249
Caissie_48401,683357
Poulin_26536,676571
Messick_78040,800048
Gervase_78941,801434
Schultz_31415,687606
Tolle_94596,801139
Halpin_48451,690984
Abner_84919,691769
Ohl_73904,701487
Flores_100589,804668
Thomas_78911,689041
Garcia_32811,670329
Hassell_48363,690987
Sasaki_82038,808963
Muñoz_86486,691548
Anthony_78634,701350
Bergert_73452,686701
Johnson_94617,696270
Ritter_78709,690022
Stewart_78613,701398
Basallo_71246,694212
Smith_85740,681343
Rashi_32236,688497
Elko_78894,671284
Tawa_74044,694374
Ornelas_20550,672359
Adams_73451,701519
Yesavage_94555,702056
Peters_73472,671976
English_30492,663536
Johnston_79801,687859
Melton_78710,675512
Cheng_86135,691907
Callihan_30483,682997
Owens_31380,687074
Tolbert_31363,686475
Mesa Jr._28135,683748
Bernabel_27401,682653
Gonzalez_27375,682790
Banfield_26093,677943
Robertson_30517,683770
Wilson_30413,669717
Fernandez_86131,692585
Veen_48364,691728
Agnos_78877,688642
Cole Jr._78896,805904
Maxwell_32382,687209
Kent_31212,687849
Iriarte_85889,683568
Campbell_84877,692225
Sugano_95960,608372
Kim_96119,808975
Ogasawara_95948,829272
Hagenman_26912,663795
Wolfram_84334,664991
De Jesus_70724,646241
Benge_94554,
Wetherholt_94544,
Crawford_78005,
McGonigle_84774,
Rumfield_73731,
Okamoto_101014,
Murakami_82036,
Weiss_26158,
Imai_101013,
Klassen_84937,
